objective,random,single_best_fixed,hand_rule,selector_tree,selector_knn,best_fixed_combo,n_distinct_oracle
welfare,0.4210875897327578,0.0691022586193621,0.34292081810951797,0.05174901885814505,0.04733739261716608,M2+P3+R2,14
gmv,0.5193910007406752,0.035286656867147596,0.6167548624672728,0.03175208906770862,0.03787680984743683,M2+P3+R2,12
welfare_fair,0.4209725062881601,0.07521940669946381,0.3395644123740033,0.052310563937558285,0.05047116470623587,M2+P3+R2,14
