{
  "avg_mult": 1.5170237564352116,
  "rider_pct_GR": 17.68788656843256,
  "n_seeds": 16,
  "by_type": {
    "fulltime": {
      "uniform": 95.21349954700358,
      "surge": 73.85477874650303,
      "delta": -21.358720800500542,
      "delta_sem": 0.37119524575048124,
      "p": 5.174827960456887e-19,
      "pct": -22.432450127470094,
      "d_earnings": -21.128609482757277,
      "d_opp_cost": -0.021066733295113327,
      "d_drive_cost": 0.25117805103837376,
      "d_online_epochs": -0.1170374071950735
    },
    "parttime": {
      "uniform": 76.79573096780996,
      "surge": 56.00421159134774,
      "delta": -20.791519376462226,
      "delta_sem": 0.4241302158195085,
      "p": 5.6554169182572756e-18,
      "pct": -27.073795788436847,
      "d_earnings": -21.002307015978,
      "d_opp_cost": -0.32291077957640346,
      "d_drive_cost": 0.11212314006063229,
      "d_online_epochs": -0.5871105083207371
    },
    "casual": {
      "uniform": 56.674779776797536,
      "surge": 36.42163867065724,
      "delta": -20.253141106140298,
      "delta_sem": 0.5571248450885334,
      "p": 4.837788830183922e-16,
      "pct": -35.73572087249974,
      "d_earnings": -22.77787796989853,
      "d_opp_cost": -2.0860093536137234,
      "d_drive_cost": -0.43872751014450306,
      "d_online_epochs": -2.1957993195933923
    }
  },
  "contrasts": {
    "fulltime_minus_parttime": {
      "mean": -0.5672014240383132,
      "sem": 0.425252602695586,
      "t": -1.333798830255109,
      "df": 15,
      "p": 0.202169527287842
    },
    "parttime_minus_casual": {
      "mean": -0.5383782703219278,
      "sem": 0.43448513060000005,
      "t": -1.2391178256859032,
      "df": 15,
      "p": 0.23434100360977742
    },
    "fulltime_minus_casual": {
      "mean": -1.105579694360241,
      "sem": 0.47146015589066936,
      "t": -2.345011939071735,
      "df": 15,
      "p": 0.033198443143307846
    }
  },
  "monotone_ft_to_casual_loss": true
}