{
  "fulltime": {
    "uniform": 95.21349954700358,
    "surge": 73.85477874650303,
    "delta": -21.35872080050055,
    "pct": -22.432450127470105
  },
  "parttime": {
    "uniform": 76.79573096780996,
    "surge": 56.00421159134774,
    "delta": -20.79151937646222,
    "pct": -27.07379578843684
  },
  "casual": {
    "uniform": 56.674779776797536,
    "surge": 36.42163867065724,
    "delta": -20.253141106140298,
    "pct": -35.73572087249974
  }
}